"Keyword","URL","Country","Difficulty","Volume","CPS","Parent Topic","Parent Topic Volume","Last Update","Referring Domains","Domain rating","Ahrefs Rank","Traffic","Keywords","CPC","Position","Type","Title","Global volume","Traffic potential","Global traffic potential","First seen","Intents"
"What are the best tools and platforms for implementing predictive manufacturing","","us","","","","","","","","","","","","","","","","","","","","Informational"
"how to reduce downtime in manufacturing","","us","","","","","","","","","","","","","","","","","","","","Informational"
"Industrial IoT and Manufacturing","","us","","","","","","","","","","","","","","","","","","","","Informational"
"What are the latest software tools used for fault detection and diagnosis","","us","","","","","","","","","","","","","","","","","","","","Informational"
"maintenance types","","us","","","","","","","","","","","","","","","","","","","","Informational"
"What tools or software are recommended for managing maintenance programs","","us","","","","","","","","","","","","","","","","","","","","Informational"
"prescriptive maintenance","","us","","","","","","","","","","","","","","","","","","","","Informational"
"Which tools or services are recommended for plant reliability management","","us","","","","","","","","","","","","","","","","","","","","Informational"
"5S System and Principles","","us","","","","","","","","","","","","","","","","","","","","Informational"
"how to write a work order","","us","","","","","","","","","","","","","","","","","","","","Informational"
"define work order","","us","","","","","","","","","","","","","","","","","","","","Informational"
"maintenance work order types","","us","","","","","","","","","","","","","","","","","","","","Informational"
"maintenance work order process","","us","","","","","","","","","","","","","","","","","","","","Informational"
"predictive maintenance companies","","us","","","","","","","","","","","","","","","","","","","","Informational"
"asset management software for manufacturing","","us","","","","","","","","","","","","","","","","","","","","Informational"
"What are the best software options for monitoring equipment downtime","","us","","","","","","","","","","","","","","","","","","","","Informational"
"work order software for maintenance","","us","","","","","","","","","","","","","","","","","","","","Informational"
"why would a company invest in a time study analysis","","us","","","","","","","","","","","","","","","","","","","","Informational"
"What are the best software solutions for asset reliability","","us","","","","","","","","","","","","","","","","","","","","Informational"
