What are the best tools and platforms for implementing predictive manufacturing?,,,
how to reduce downtime in manufacturing,,,
Industrial IoT and Manufacturing​,,,
What are the latest software tools used for fault detection and diagnosis?,,,
maintenance types,,,
What tools or software are recommended for managing maintenance programs?,,,
prescriptive maintenance,,,
Which tools or services are recommended for plant reliability management?,,,
5S System & Principles​,,,
how to write a work order,define work order,maintenance work order types,maintenance work order process
predictive maintenance companies,,,
asset management software for manufacturing,,,
What are the best software options for monitoring equipment downtime?,,,
work order software for maintenance,,,
why would a company invest in a time study analysis,,,
What are the best software solutions for asset reliability?,,,
predictive maintenance companies,,,
predictive maintenance solution providers,,,
predictive maintenance software,,,
how to implement predictive maintenance,,,
predictive maintenance for industrial equipment,,,
pdm maintenance,,,
predictive maintenance use cases,,,
examples of predictive maintenance,,,
ai driven predictive maintenance,,,
predictive maintenance insights,,,
predictive maintenance best practices,,,
predictive maintenance with ai,,,
predictive asset management,,,
future of predictive maintenance,,,
predictive maintenance meaning,,,
machine learning for predictive maintenance,,,
startup ai companies,,,
ai tech startups,,,
What companies are leading in sensory technology development?,,,
arc flash testing requirements,,,
arc flash assessment requirements,,,
What are the latest software tools used for fault detection and diagnosis?,,,
What are the best software tools for manufacturing analytics?,,,
Which IoT companies have received the most venture capital recently?,,,
Can you recommend top companies providing advanced industrial devices?,,,
mining monitoring system,,,
What are the best sensor monitoring systems for industrial use?,,,
Can data science help predict equipment failures in factories?,,,
What are some successful case studies of data science in manufacturing?,,,
Can you recommend top companies providing predictive maintenance services?,,,
p.o meaning in business,,,
jit and lean operations,,,
root cause analysis risk management,,,
goal of root cause analysis,,,
total asset turnover meaning,,,
which procedure helps to ensure equipment,,,
Lockout Tagout Safety Procedures,,,